Datetime,Water Level (m)
2025-09-24 06:00:00,0.66478646
2025-09-24 07:00:00,0.32185355
2025-09-24 08:00:00,-0.014085179
2025-09-24 09:00:00,-0.26995984
2025-09-24 10:00:00,-0.36068165
2025-09-24 11:00:00,-0.25392395
2025-09-24 12:00:00,0.028418347
2025-09-24 13:00:00,0.40394202
2025-09-24 14:00:00,0.78934264
2025-09-24 15:00:00,1.0619549
2025-09-24 16:00:00,1.1657046
2025-09-24 17:00:00,1.0814248
2025-09-24 18:00:00,0.8582509
2025-09-24 19:00:00,0.5308109
2025-09-24 20:00:00,0.19207317
2025-09-24 21:00:00,-0.0796647
2025-09-24 22:00:00,-0.2166474
2025-09-24 23:00:00,-0.18665466
2025-09-25 00:00:00,0.00640054
2025-09-25 01:00:00,0.31246054
2025-09-25 02:00:00,0.6496974
2025-09-25 03:00:00,0.90575415
2025-09-25 04:00:00,1.021128
2025-09-25 05:00:00,0.9630862
2025-09-25 06:00:00,0.75669706
2025-09-25 07:00:00,0.45146567
2025-09-25 08:00:00,0.12409984
2025-09-25 09:00:00,-0.14946978
2025-09-25 10:00:00,-0.29111537
2025-09-25 11:00:00,-0.26985654
2025-09-25 12:00:00,-0.07721338
2025-09-25 13:00:00,0.23106515
2025-09-25 14:00:00,0.59623206
2025-09-25 15:00:00,0.9092532
2025-09-25 16:00:00,1.0903323
2025-09-25 17:00:00,1.0941337
2025-09-25 18:00:00,0.958767
2025-09-25 19:00:00,0.6938497
2025-09-25 20:00:00,0.38368905
2025-09-25 21:00:00,0.09788059
2025-09-25 22:00:00,-0.08571265
2025-09-25 23:00:00,-0.1126805
2025-09-26 00:00:00,-0.0025054114
2025-09-26 01:00:00,0.21879274
2025-09-26 02:00:00,0.5084188
2025-09-26 03:00:00,0.7633767
2025-09-26 04:00:00,0.9144308
2025-09-26 05:00:00,0.9277103
2025-09-26 06:00:00,0.80644953
2025-09-26 07:00:00,0.5724126
2025-09-26 08:00:00,0.2850871
2025-09-26 09:00:00,0.015383015
2025-09-26 10:00:00,-0.16841571
2025-09-26 11:00:00,-0.22901262
2025-09-26 12:00:00,-0.124105975
2025-09-26 13:00:00,0.104804985
2025-09-26 14:00:00,0.41445014
2025-09-26 15:00:00,0.7348348
2025-09-26 16:00:00,0.9557447
2025-09-26 17:00:00,1.0404592
2025-09-26 18:00:00,0.97168696
2025-09-26 19:00:00,0.79699427
2025-09-26 20:00:00,0.5447644
2025-09-26 21:00:00,0.28867236
2025-09-26 22:00:00,0.07740141
2025-09-26 23:00:00,-0.024915418
2025-09-27 00:00:00,-0.014832195
2025-09-27 01:00:00,0.1255047
2025-09-27 02:00:00,0.33460432
2025-09-27 03:00:00,0.58053064
2025-09-27 04:00:00,0.7642082
2025-09-27 05:00:00,0.82963586
2025-09-27 06:00:00,0.775093
2025-09-27 07:00:00,0.61131036
2025-09-27 08:00:00,0.3786106
2025-09-27 09:00:00,0.14143038
2025-09-27 10:00:00,-0.056091003
2025-09-27 11:00:00,-0.1615848
2025-09-27 12:00:00,-0.13751519
2025-09-27 13:00:00,0.002718749
2025-09-27 14:00:00,0.23715924
2025-09-27 15:00:00,0.50863564
2025-09-27 16:00:00,0.7528907
2025-09-27 17:00:00,0.9002534
2025-09-27 18:00:00,0.92009777
2025-09-27 19:00:00,0.8210577
2025-09-27 20:00:00,0.6520306
2025-09-27 21:00:00,0.4369353
2025-09-27 22:00:00,0.23948796
2025-09-27 23:00:00,0.093799755
2025-09-28 00:00:00,0.041582596
2025-09-28 01:00:00,0.0929525
2025-09-28 02:00:00,0.21799181
2025-09-28 03:00:00,0.38990968
2025-09-28 04:00:00,0.5592818
2025-09-28 05:00:00,0.66403294
2025-09-28 06:00:00,0.6652239
2025-09-28 07:00:00,0.5817098
2025-09-28 08:00:00,0.42447737
2025-09-28 09:00:00,0.23655656
2025-09-28 10:00:00,0.05188212
2025-09-28 11:00:00,-0.07524383
2025-09-28 12:00:00,-0.1113766
2025-09-28 13:00:00,-0.053000133
2025-09-28 14:00:00,0.093255565
2025-09-28 15:00:00,0.2980354
2025-09-28 16:00:00,0.5041017
2025-09-28 17:00:00,0.6769709
2025-09-28 18:00:00,0.77075845
2025-09-28 19:00:00,0.7560182
2025-09-28 20:00:00,0.6732137
2025-09-28 21:00:00,0.5421666
2025-09-28 22:00:00,0.38538486
2025-09-28 23:00:00,0.24012682
2025-09-29 00:00:00,0.14480463
2025-09-29 01:00:00,0.1237884
2025-09-29 02:00:00,0.16843212
2025-09-29 03:00:00,0.2543004
2025-09-29 04:00:00,0.3782427
2025-09-29 05:00:00,0.47937474
2025-09-29 06:00:00,0.53180116
2025-09-29 07:00:00,0.5240442
2025-09-29 08:00:00,0.45231545
2025-09-29 09:00:00,0.3396375
2025-09-29 10:00:00,0.20449841
2025-09-29 11:00:00,0.07973806
2025-09-29 12:00:00,0.006573099
2025-09-29 13:00:00,-0.005596419
2025-09-29 14:00:00,0.051065225
2025-09-29 15:00:00,0.16393545
2025-09-29 16:00:00,0.3127231
2025-09-29 17:00:00,0.47187525
2025-09-29 18:00:00,0.6124687
2025-09-29 19:00:00,0.67357045
2025-09-29 20:00:00,0.6819284
2025-09-29 21:00:00,0.6363074
2025-09-29 22:00:00,0.5576391
2025-09-29 23:00:00,0.4467588
2025-09-30 00:00:00,0.34100285
2025-09-30 01:00:00,0.2614869
2025-09-30 02:00:00,0.21872987
2025-09-30 03:00:00,0.22028829
2025-09-30 04:00:00,0.26369908
2025-09-30 05:00:00,0.33630222
2025-09-30 06:00:00,0.40681997
